section,question_number,question_text,question_instructions
1.1,Q1,"Avez-vous agi en tant que mandataire professionnel au sens de la loi n° 1.362 pour des achats ou des ventes de biens immobiliers ou de locations immobilières au cours de la période de déclaration ? (cf. lien)","Activités soumises : L'achat, la vente et la location de biens immobiliers. Pour la location, uniquement les loyers mensuels supérieur ou égal à 10.000€."
1.1,Q2,Spécifiquement en ce qui concerne les achats ou ventes de biens immobiliers réalisés au cours de la période de référence ?,L'achat et la vente de biens immobiliers.
1.1,Q3,Spécifiquement en ce qui concerne les locations de biens immobiliers pour lesquelles des opérations ont été réalisées au cours de la période de référence ?,La location de biens immobiliers pour un loyer mensuel supérieur ou égal à 10.000€.
1.2,Q4,"Veuillez indiquer le nombre total de clients uniques qui ont été actifs à un moment donné pendant la période de déclaration, pour l'achat, la vente et la location de biens immobiliers.","L'achat, la vente et la location de biens immobiliers. Veuillez fournir des réponses uniquement pour les activités où vous ou votre entité avez agi en tant que mandataire professionnel au sens de la loi n° 1.362 modifiée par la loi n°1.503 du 23 décembre 2020 pour l'achat, la vente ou la location de biens immobiliers au cours de la période de déclaration. Par exemple, les clients locataires ayant un loyer mensuel inférieur à 10 000 euros devraient être exclus de ce total. En cas de bi-nationalité ou de pluri-nationalité, indiquer celle qui est la plus communément utilisée. Veuillez déclarer uniquement les informations relatives aux activités qui ne sont pas revendiquées par une autre entité que vous avez représentée et qui répond également à ce questionnaire de LBC/FT du SICCFIN sur les questions immobilières. Pour les questions mentionnant un « client unique », veuillez tenir compte de ce qui suit : • Si un même client effectue plusieurs opérations, il est considéré comme un seul client. • Si l'entité fournit plusieurs services ou dispose de plusieurs contrats ou relations avec le même client, il est considéré comme un seul client. • Toute autre situation où le même client serait compté deux fois, veuillez considérer qu'il s'agit d'un seul client."
1.2,Q5,"Veuillez indiquer le nombre total d'opérations effectuées par les clients au cours de la période de déclaration, pour l'achat, la vente et la location de biens immobiliers.","L'achat, la vente et la location de biens immobiliers. Précisions pour plus de clarté : Si un client achète une propriété et effectue 2 transferts pour effectuer le paiement complet, cela sera compté comme 1 transaction immobilière. l'achat de parts ou d'actions d'une société à vocation immobilière constitue autant d'opérations qu'il y a d'achats ou de vente (par ex. achat de 10 parts = 1 transaction ; un achat de 10 parts puis un autre achat de 15 parts = 2 transactions ; vente de 100% des parts d'une SCI = 1 transaction). Pour les locations, une transaction correspond à l'équivalent d'un loyer mensuel (>= 10.000 Euros). Un client locataire effectuant des paiements mensuels pendant une année complète représente 12 transactions. Un client locataire effectuant un paiement couvrant 12 mois de loyer sera compté comme 12 transactions."
1.2,Q6,"Veuillez indiquer la valeur totale des fonds transférés par des clients pendant la période de déclaration, pour l'achat et la vente de biens immobiliers.","L'achat et la vente de biens immobiliers. Merci de fournir le total du montant du contrat d'achat/vente. Si le montant total n'est pas disponible, par exemple que le montant connu est sans frais ni taxes, veuillez expliquer votre réponse dans la section commentaires."
1.2,Q7,"Veuillez indiquer la valeur totale des fonds transférés par des clients pendant la période de déclaration, pour la location de biens immobiliers.","La location de biens immobiliers. Merci de fournir le total du montant du contrat location. Si le montant total n'est pas disponible, par exemple que le montant connu est sans frais ni taxes, veuillez expliquer votre réponse dans la section commentaires."
1.2,Q8,"Veuillez indiquer le nombre total d'opérations effectuées avec les clients au cours de la période de déclaration, pour l'achat, la vente et la location de biens immobiliers.","L'achat, la vente et la location de biens immobiliers."
1.2,Q9,"Veuillez indiquer la valeur totale des fonds transférés avec les clients pendant la période de déclaration, pour l'achat, la vente et la location de biens immobiliers.","L'achat, la vente et la location de biens immobiliers."
1.3,Q10,Votre entité peut-elle distinguer la nationalité du bénéficiaire effectif des clients ?,
1.3,Q11,Fournir la répartition en pourcentage des principales nationalités des bénéficiaires effectifs.,"Veuillez indiquer la répartition en pourcentage des nationalités principales des bénéficiaires effectifs de tous les clients, y compris les bénéficiaires effectifs ayant différents pourcentages de propriété, ceux qui exercent un contrôle direct ou indirect et ceux qui représentent une personne morale."
1.3,Q12,"Veuillez indiquer le nombre total de bénéficiaires effectifs exerçant un contrôle direct ou indirect sur une personne morale, ventilé par nationalité principale.","Les informations demandées concernent seulement le nombre de BE qui sont considérés comme des BE du fait du contrôle direct ou indirect d'une personne morale, d'un trust ou d'une autre construction juridique."
1.3,Q13,"Veuillez indiquer le nombre total de bénéficiaires effectifs représentant une personne morale, ventilé par nationalité principale.","Les informations demandées concernent seulement le nombre de BE qui sont considérés comme des BE du fait de la représentation légale d'une personne morale, d'un trust ou d'une autre construction juridique."
1.3,Q14,Votre entité peut-elle distinguer les bénéficiaires effectifs qui détiennent 25 % ou plus ?,
1.3,Q15,"Veuillez fournir le nombre total de bénéficiaires effectifs détenant au moins 25%, ventilé par nationalité principale du BE.",
1.3,Q16,Votre entité enregistre-t-elle la résidence pour les bénéficiaires effectifs détenant une participation de 25 % ou plus ?,
1.3,Q17,"Veuillez indiquer le nombre total de bénéficiaires effectifs des résidents étrangers, par nationalité principale du bénéficiaire effectif, pour les bénéficiaires effectifs détenant 25%.",
1.3,Q18,"Veuillez indiquer le nombre total de bénéficiaires effectifs des non-résidents, par nationalité principale du bénéficiaire effectif, pour les bénéficiaires effectifs détenant 25%.",
1.4,Q19,"Que vous ayez ou non de tels clients, votre entité identifie-t-elle et enregistre-t-elle le type de clients lorsqu'il s'agit de: HNWIs?","Aux fins de ce questionnaire, un particulier fortuné (HNWI) est une personne physique dont la somme de tous les comptes et actifs nets est supérieure à 5 millions d'euros."
1.4,Q20,UHNWIs?,"Aux fins de ce questionnaire, un particulier très fortuné (UHNWI) est une personne physique dont la somme de tous les comptes et actifs nets est supérieure à 50 millions d'euros."
1.4,Q21,Trusts et d'autres constructions juridiques non mentionnées ci-dessus ?,
1.4,Q22,PSAV (prestataires de services d'actifs virtuels) qui fournissent d'autres services ?,
1.5,Q23,"Veuillez fournir le nombre total de clients uniques qui sont des personnes physiques qui sont des nationaux, pour les achats, ventes et locations de propriétés.","L'achat, la vente et la location de biens immobiliers."
1.5,Q24,"Veuillez fournir le nombre total de clients uniques qui sont des personnes physiques qui sont des résidents étrangers, pour les achats, ventes et locations de propriétés.","L'achat, la vente et la location de biens immobiliers."
1.5,Q25,"Veuillez fournir le nombre total de clients uniques qui sont des personnes physiques qui ne sont pas des résidents, pour les achats, ventes et locations de propriétés.","L'achat, la vente et la location de biens immobiliers."
1.5,Q26,"Veuillez indiquer le nombre total de clients uniques qui sont des personnes physiques (individus), classés selon la nationalité principale de l'individu pour l'achat et la vente de biens immobiliers.","L'achat et la vente de biens immobiliers."
1.5,Q27,Veuillez indiquer le nombre total d'opérations effectuées par des clients qui sont des personnes physiques pour l'achat et la vente de biens immobiliers.,"L'achat et la vente de biens immobiliers."
1.5,Q28,"Veuillez indiquer la valeur totale des fonds transférés par des clients qui sont des personnes physiques, pour l'achat et la vente de biens immobiliers, en euros.","L'achat et la vente de biens immobiliers."
1.5,Q29,Veuillez indiquer le nombre total de clients uniques qui sont des personnes physiques (individus) pour la location de biens immobiliers.,
1.5,Q30,Veuillez indiquer le nombre total d'opérations effectuées par des clients qui sont des personnes physiques pour la location de biens immobiliers.,
1.5,Q31,Certains des achats immobiliers effectués pendant la période de déclaration avaient-ils pour but d'établir une résidence à Monaco ?,
1.5,Q32,Combien d'achats ont-ils été effectués dans le but d'établir une résidence à Monaco au cours de la période de déclaration ?,
1.6,Q33,"Veuillez indiquer le nombre total de clients uniques qui sont des personnes morales, ventilé selon le pays du siège ou de l'immatriculation, pour l'achat, la vente et la location de biens immobiliers.","L'achat et la vente de biens immobiliers."
1.6,Q34,Veuillez indiquer le nombre total d'opérations effectuées par des clients qui sont des personnes morales pour l'achat et la vente de biens immobiliers.,"L'achat et la vente de biens immobiliers. Précisions pour plus de clarté : Si un client achète une propriété et effectue 2 transferts pour effectuer le paiement complet, cela sera compté comme 1 transaction immobilière. l'achat de parts ou d'actions d'une société à vocation immobilière constitue autant d'opérations qu'il y a d'achats ou de vente (par ex. achat de 10 parts = 1 transaction ; un achat de 10 parts puis un autre achat de 15 parts = 2 transactions ; vente de 100% des parts d'une SCI = 1 transaction)."
1.6,Q35,Veuillez indiquer la valeur totale des fonds transférés par les clients qui sont des personnes morales pour l'achat et la vente de biens immobiliers.,"L'achat et la vente de biens immobiliers."
1.6,Q36,Votre entité distingue-t-elle si les clients sont des personnes morales monégasques et le type de personne morale ?,"Les types de personnes morales incluent: • Associations monégasques • Autres sociétés civiles • Autres sociétés commerciales • Autres arrangements juridiques • Domaine Privé de l'Etat Monégasque • Entreprise individuelle • Fondation monégasque • Groupement d'intérêt économique GIE • Société en nom collectif SNC • Société civile immobilière SCI • Société civile particulière SCP • Société en commandite simple SCS • Société à responsabilité limitée SARL • Société anonyme monégasque SAM • Société en commandite par actions SCA • Trusts"
1.6,Q37,"Veuillez indiquer le nombre de clients qui sont des personnes morales monégasques, ventilé par type.","L'achat et la vente de biens immobiliers."
1.6,Q38,"Veuillez indiquer le nombre total de clients bénéficiaires effectifs uniques de personnes morales qui sont des particuliers fortunés (HNWI), ventilés par nationalité principale du HNWI.","L'achat et la vente de biens immobiliers. L'expression « bénéficiaire effectif unique » signifie que, quand bien même un bénéficiaire effectif serait impliqué dans plusieurs propriétés, il doit être néanmoins considéré comme un seul et même bénéficiaire effectif. Aux fins de ce questionnaire, un particulier fortuné (HNWI) est une personne physique dont la somme de tous les comptes et actifs nets est supérieure à 5 millions d'euros."
1.6,Q39,"Veuillez indiquer le nombre total de clients bénéficiaires effectifs uniques de personnes morales et qui sont des particuliers très fortunés (UHNWI), ventilés par nationalité primaire de l'UHNWI.","L'achat et la vente de biens immobiliers. L'expression « bénéficiaire effectif unique » signifie que, quand bien même un bénéficiaire effectif serait impliqué dans plusieurs propriétés, il doit être néanmoins considéré comme un seul et même bénéficiaire effectif. Aux fins de ce questionnaire, un particulier très fortuné (UHNWI) est une personne physique dont la somme de tous les comptes et actifs nets est supérieure à 50 millions d'euros."
1.7,Q40,Votre entité distingue-t-elle si les clients sont des trusts ou d'autres constructions juridiques ?,
1.7,Q41,"Veuillez indiquer le nombre total de clients uniques qui sont des trusts et d'autres constructions juridiques pour l'achat, la vente et la location de biens immobiliers.","L'achat, la vente et la location de biens immobiliers."
1.7,Q42,"Veuillez indiquer le nombre total de clients uniques monégasques qui sont des trusts et autres constructions juridiques pour l'achat, la vente et la location de biens immobiliers.","L'achat, la vente et la location de biens immobiliers."
1.7,Q43,"Veuillez indiquer le nombre total de personnes physiques qui sont des trustees à titre professionnel, ventilé par nationalité primaire, pour l'achat, la vente et la location de biens immobiliers.","L'achat, la vente et la location de biens immobiliers."
1.7,Q44,"Veuillez indiquer le nombre total de personnes physiques qui sont des trustees à titre professionnel, ventilé par pays dans lequel le trust a été créé, pour l'achat, la vente et la location de biens immobiliers.","L'achat, la vente et la location de biens immobiliers."
1.7,Q45,Votre entité dispose-t-elle d'informations sur le nombre et la valeur de leurs opérations ?,
1.7,Q46,"Veuillez indiquer le nombre total d'opérations effectuées par des clients qui sont des trusts et d'autres constructions juridiques, pour l'achat et la vente de biens immobiliers.","L'achat et la vente de biens immobiliers."
1.7,Q47,"Veuillez indiquer la valeur totale des fonds transférés par les clients qui sont des trusts et d'autres constructions juridiques, pour l'achat et la vente de biens immobiliers.","L'achat et la vente de biens immobiliers."
1.7,Q48,Veuillez préciser le type d'autres constructions juridiques non mentionnées dans les questions précédentes que votre entité a comme clients.,
1.8,Q49,Votre entité compte-t-elle parmi ses clients des personnes politiquement exposées (PPE) ?,
1.8,Q50,"Veuillez indiquer le nombre total de clients uniques qui sont des PPE, ventilé selon le lieu de résidence des PPE (y compris les clients nationaux), pour l'achat, la vente et la location de biens immobiliers.",
1.8,Q51,"Veuillez indiquer le nombre total de clients uniques qui sont des PPE, ventilé selon la nationalité primaire de la PPE (y compris les clients nationaux), pour l'achat, la vente et la location de biens immobiliers.",
1.8,Q52,Veuillez indiquer le nombre total d'opérations effectuées par des clients qui sont des PPE pour l'achat et la vente de biens immobiliers.,"L'achat et la vente de biens immobiliers."
1.8,Q53,"Veuillez indiquer la valeur totale en euros des fonds transférés par des clients qui sont des PPE, pour l'achat et la vente de biens immobiliers.","L'achat et la vente de biens immobiliers."
1.8,Q54,"Veuillez indiquer le nombre total de clients qui sont les bénéficiaires effectifs uniques de personnes morales/trusts et autres constructions juridiques et qui sont des PPE. Veuillez les classer selon la nationalité principale de la PPE.","Pour les besoins de cette question, on entend par ""bénéficiaire effectif"" toute personne physique qui possède ou exerce un contrôle final effectif sur un client, directement ou indirectement, ou la personne physique qui exerce un contrôle final effectif sur une personne morale ou une construction juridique. L'expression « bénéficiaires effectifs uniques » signifie que, quand bien même une personne physique serait le bénéficiaire effectif de plusieurs personnes morales/constructions, elle ne doit néanmoins être considérée que comme un seul bénéficiaire effectif."
1.8,Q55,Veuillez indiquer le nombre total d'opérations (entrantes et sortantes) effectuées par des bénéficiaires effectifs de personnes morales/trusts et autres constructions juridiques qui sont des PPE.,
1.9,Q56,Votre entité a-t-elle des clients qui sont des PSAV ?,
1.9,Q57,Votre entité distingue-t-elle si des clients PSAV sont des prestataires de conservation (Custodian Wallet Providers) ?,Prestataires de conservation (Custodian Wallet Providers)
1.9,Q58,Votre entité a-t-elle des clients PSAV qui sont des prestataires de conservation (Custodian Wallet Providers) ?,Prestataires de conservation (Custodian Wallet Providers)
1.9,Q59,"Veuillez indiquer le nombre total de clients uniques PSAV qui sont des prestataires de conservation (Custodian Wallet Providers), ventilé par pays d'établissement pour l'achat, la vente et la location de biens immobiliers.","Prestataires de conservation (Custodian Wallet Providers). L'achat, la vente et la location de biens immobiliers."
1.9,Q60,"Veuillez indiquer le nombre total d'opérations effectuées par les clients PSAV qui qui sont des prestataires de conservation (Custodian Wallet Providers) pour l'achat, la vente et la location de biens immobiliers.","Prestataires de conservation (Custodian Wallet Providers). L'achat, la vente et la location de biens immobiliers."
1.9,Q61,"Veuillez indiquer la valeur totale des fonds transférés avec et par les clients PSAV qui sont des prestataires de conservation (Custodian Wallet Providers) pour l'achat, la vente et la location de biens immobiliers.","Prestataires de conservation (Custodian Wallet Providers). L'achat, la vente et la location de biens immobiliers."
1.9,Q62,Votre entité distingue-t-elle si des clients PSAV sont des fournisseurs d'échange de monnaie virtuelle ?,Fournisseurs d'échange de monnaie virtuelle
1.9,Q63,Votre entité a-t-elle des clients PSAV qui sont des fournisseurs d'échange de monnaie virtuelle ?,Fournisseurs d'échange de monnaie virtuelle
1.9,Q64,"Veuillez indiquer le nombre total de clients uniques PSAV qui sont des fournisseurs d'échange de monnaie virtuelle, ventilé par pays d'établissement, pour l'achat, la vente et la location de biens immobiliers.","Fournisseurs d'échange de monnaie virtuelle. L'achat, la vente et la location de biens immobiliers."
1.9,Q65,"Veuillez indiquer le nombre total d'opérations effectuées avec et par les clients PSAV qui sont des fournisseurs d'échange de monnaie virtuelle pour l'achat, la vente et la location de biens immobiliers.","Fournisseurs d'échange de monnaie virtuelle. L'achat, la vente et la location de biens immobiliers."
1.9,Q66,"Veuillez indiquer la valeur totale des fonds transférés avec et par les clients PSAV qui sont des fournisseurs d'échange de monnaie virtuelle pour l'achat, la vente et la location de biens immobiliers.","Fournisseurs d'échange de monnaie virtuelle. L'achat, la vente et la location de biens immobiliers."
1.9,Q67,Votre entité distingue-t-elle si des clients PSAV sont des prestataires de services liés aux ICO (offre au public de jetons) ?,ICO
1.9,Q68,Votre entité a-t-elle des clients PSAV qui sont des services liés aux ICO (offre au public de jetons) ?,ICO
1.9,Q69,"Veuillez fournir le nombre total de clients uniques PSAV qui sont des services liés aux ICO (offre au public de jetons), ventilé par pays d'établissement, pour l'achat, la vente et la location de biens immobiliers.","ICO. L'achat, la vente et la location de biens immobiliers."
1.9,Q70,"Veuillez indiquer le nombre total d'opérations effectuées par les clients PSAV qui sont des prestataires de services liés aux ICO (offre au public de jetons), pour l'achat, la vente et la location de biens immobiliers.","ICO. L'achat, la vente et la location de biens immobiliers."
1.9,Q71,"Veuillez indiquer la valeur totale des fonds transférés par les clients PSAV qui sont des prestataires de services liés aux ICO (offre au public de jetons), pour l'achat, la vente et la location de biens immobiliers.","ICO. L'achat, la vente et la location de biens immobiliers."
1.9,Q72,Votre entité distingue-t-elle si des clients PSAV fournissent d'autres services non mentionnés ci-dessus ?,VASP qui fournissent d'autres services
1.9,Q73,Votre entité a-t-elle des clients PSAV qui fournissent d'autres services ?,VASP qui fournissent d'autres services
1.9,Q74,"Veuillez indiquer le nombre total de clients uniques PSAV qui fournissent d'autres services, ventilé par pays d'établissement, pour l'achat, la vente et la location de biens immobiliers.","VASP qui fournissent d'autres services. L'achat, la vente et la location de biens immobiliers."
1.9,Q75,"Veuillez indiquer le nombre total d'opérations effectuées par les clients PSAV qui fournissent d'autres services non mentionnés ci-dessus, pour l'achat, la vente et la location de biens immobiliers.","VASP qui fournissent d'autres services. L'achat, la vente et la location de biens immobiliers."
1.9,Q76,"Veuillez indiquer la valeur totale des fonds transférés par les clients PSAV qui fournissent d'autres services, pour l'achat, la vente et la location de biens immobiliers.","VASP qui fournissent d'autres services. L'achat, la vente et la location de biens immobiliers."
1.9,Q77,Veuillez préciser quels sont les autres services fournis par les clients PSAV qui ne sont pas mentionnés ci-dessus.,VASP qui fournissent d'autres services
1.10,Q78,"Pour les clients ayant deux ou plusieurs nationalités, votre entité enregistre-t-elle toutes les nationalités du client ?",
1.10,Q79,"Veuillez fournir le nombre total de nationalités secondaires des clients uniques qui sont des personnes physiques (individus), classés selon la(les) nationalité(s) secondaire(s) du client, le cas échéant (y compris les nationaux).",
1.11,Q80,Avez-vous eu des clients monégasques (achats et ventes) au cours de la période de déclaration ?,"L'achat et la vente de biens immobiliers. Pour les personnes de nationalité monégasque."
1.11,Q81,Veuillez indiquer le nombre total de clients uniques monégasques qui sont des avocats ou qui exercent d'autres professions juridiques.,"L'achat et la vente de biens immobiliers."
1.11,Q82,Veuillez indiquer le nombre total de clients uniques monégasques qui sont des auditeurs/comptables.,"L'achat et la vente de biens immobiliers."
1.11,Q83,Veuillez indiquer le nombre total de clients uniques monégasques qui sont des actionnaires/administrateurs agissant pour le compte d'une autre personne.,"L'achat et la vente de biens immobiliers."
1.11,Q84,Veuillez indiquer le nombre total de clients uniques monégasques qui sont émetteurs utilisateurs ou fournisseurs d'actions au porteur ou d'autres instruments au porteur.,"L'achat et la vente de biens immobiliers."
1.11,Q85,Veuillez indiquer le nombre total de clients uniques monégasques qui sont des agents immobiliers.,"L'achat et la vente de biens immobiliers."
1.11,Q86,Veuillez indiquer le nombre total de clients uniques monégasques qui sont des NMPPP.,"L'achat et la vente de biens immobiliers."
1.11,Q87,Veuillez indiquer le nombre total de clients uniques monégasques qui sont des prestataires de services aux trusts et aux sociétés.,"L'achat et la vente de biens immobiliers."
1.11,Q88,Veuillez indiquer le nombre total de clients uniques monégasques qui sont des Multi-Family Offices.,"L'achat et la vente de biens immobiliers."
1.11,Q89,Veuillez indiquer le nombre total de clients uniques monégasques qui sont des Single-Family Offices.,"L'achat et la vente de biens immobiliers."
1.11,Q90,Veuillez indiquer le nombre total de clients uniques monégasques qui sont des structures de propriété plus complexes.,"L'achat et la vente de biens immobiliers."
1.11,Q91,Veuillez indiquer le nombre total de clients uniques monégasques impliqués dans des sociétés caractérisées par une forte utilisation d'espèces.,"L'achat et la vente de biens immobiliers."
1.11,Q92,Veuillez indiquer le nombre total de clients monégasques qui fournissent ou qui acceptent des paiements à partir de cartes prépayées anonymes / cartes avec un seuil élevé de mesures de vigilance à l'égard de la clientèle.,"L'achat et la vente de biens immobiliers."
1.11,Q93,Veuillez indiquer le nombre total de clients uniques monégasques impliqués dans le marché de l'art et des antiquités.,"L'achat et la vente de biens immobiliers."
1.11,Q94,Veuillez indiquer le nombre total de clients uniques monégasques impliqués dans l'import-export.,"L'achat et la vente de biens immobiliers."
1.11,Q95,Veuillez indiquer le nombre total de clients uniques monégasques impliqués dans le commerce des biens de grande valeur.,"L'achat et la vente de biens immobiliers."
1.11,Q96,Veuillez indiquer le nombre total de clients uniques monégasques qui sont des OBNL.,"L'achat et la vente de biens immobiliers."
1.11,Q97,Veuillez indiquer le nombre total de clients uniques monégasques impliqués dans un casino ou des jeux d'argent.,"L'achat et la vente de biens immobiliers."
1.11,Q98,Veuillez indiquer le nombre total de clients uniques monégasques impliqués dans le bâtiment ou le développement immobilier.,"L'achat et la vente de biens immobiliers."
1.11,Q99,Veuillez indiquer le nombre total de clients uniques monégasques impliqués dans les industries extractives.,"L'achat et la vente de biens immobiliers."
1.11,Q100,Prière d'indiquer le nombre total de clients uniques monégasques impliqués dans le secteur de la défense / des armes.,"L'achat et la vente de biens immobiliers."
1.11,Q101,Veuillez indiquer le nombre total de clients uniques monégasques qui exercent une activité liée à la navigation de plaisance.,"L'achat et la vente de biens immobiliers."
1.11,Q102,Prière d'indiquer le nombre total de clients uniques monégasques qui sont des agents ou des intermédiaires sportifs.,"L'achat et la vente de biens immobiliers."
1.11,Q103,Veuillez indiquer le nombre total de clients uniques monégasques impliqués dans la gestion de fonds.,"L'achat et la vente de biens immobiliers."
1.11,Q104,Veuillez indiquer le nombre total de clients uniques monégasques qui sont des sociétés holding.,"L'achat et la vente de biens immobiliers."
1.11,Q105,Veuillez indiquer le nombre total de clients uniques monégasques qui sont commissaires-priseurs.,"L'achat et la vente de biens immobiliers."
1.11,Q106,Veuillez indiquer le nombre total de clients uniques monégasques qui sont des concessionnaires de véhicules automobiles.,"L'achat et la vente de biens immobiliers."
1.11,Q107,Veuillez indiquer le nombre total de clients uniques monégasques qui relèvent du gouvernement et du secteur public.,"L'achat et la vente de biens immobiliers."
1.11,Q108,Veuillez indiquer le nombre total de clients uniques monégasques qui sont impliqués dans la vente d'avions ou l'affrètement de jets privés.,"L'achat et la vente de biens immobiliers."
1.11,Q109,Veuillez indiquer le nombre total de clients uniques monégasques qui sont impliqués dans le transport.,"L'achat et la vente de biens immobiliers."
1.12,Q110,Avez-vous des commentaires sur l'une des questions de cette section ?,
1.12,Q111,Prière de partager vos retours et vos commentaires au sujet de cette section.,
2.1,Q112,Votre entité accepte-t-elle ou effectue-t-elle des opérations par chèque avec les clients ?,"Les paiements avec des clients sont d'opérations entre l'entité déclarante et ses clients pour des produits ou services proposés par l'entité."
2.1,Q113,Votre entité a-t-elle accepté ou effectué des opérations par chèque avec les clients au cours de la période de déclaration ?,
2.1,Q114,Prière d'indiquer le nombre total d'opérations effectuées par chèque (tant entrantes que sortantes) avec des clients ?,"L'achat, la vente et la location de biens immobiliers."
2.1,Q115,Veuillez indiquer la valeur totale des opérations par chèques effectuées avec des clients (entrantes et sortants) au cours de la période de déclaration.,"L'achat, la vente et la location de biens immobiliers."
2.2,Q116,"D'après votre connaissance des contrats émis pour l'achat, la vente et la location, vos clients ont-ils accepté ou effectué des opérations par chèque au cours de la période de déclaration ?","Les paiements par les clients sont d'opérations initiées et effectuées par le client. Par exemple, un client paie son loyer au moyen d'un chèque."
2.2,Q117,Prière d'indiquer le nombre total d'opérations effectuées par chèque (tant entrantes que sortantes) par des clients ?,"L'achat, la vente et la location de biens immobiliers."
2.2,Q118,Veuillez indiquer la valeur totale des opérations par chèques effectuées par des clients (entrantes et sortants) au cours de la période de déclaration.,"L'achat, la vente et la location de biens immobiliers."
2.3,Q119,Votre entité accepte-t-elle ou effectue-t-elle des transferts électroniques d'argent avec les clients ?,"Les paiements avec des clients sont d'opérations entre l'entité déclarante et ses clients pour des produits ou services proposés par l'entité. Les transferts électroniques incluent les paiements provenant d'une forme électronique, tels que les virements électroniques, prestataire de service de paiement (PSP) (Pay Pal), les cartes de débit, les cartes de crédit, les paiements en monnaie virtuelle, etc."
2.3,Q120,Votre entité a-t-elle accepté ou effectué des transferts électroniques avec les clients au cours de la période de déclaration ?,
2.3,Q121,Prière d'indiquer le nombre total d'opérations (tant entrantes que sortantes) effectuées sous forme d'ordre de paiement électronique avec des clients.,"L'achat, la vente et la location de biens immobiliers."
2.3,Q122,Veuillez indiquer la valeur totale des transferts électroniques effectués avec des clients (entrants et sortants) au cours de la période de déclaration.,"L'achat, la vente et la location de biens immobiliers. Les transferts électroniques incluent les paiements provenant d'une forme électronique, tels que les virements électroniques, prestataire de service de paiement (PSP) (Pay Pal), les cartes de débit, les cartes de crédit, les paiements en monnaie virtuelle, etc."
2.4,Q123,"D'après votre connaissance des contrats émis pour l'achat, la vente et la location, vos clients ont-ils accepté ou effectué des virements électroniques au cours de la période de déclaration ?","Les paiements par les clients sont d'opérations initiées et effectuées par le client. Par exemple, un client effectue un virement bancaire vers un vendeur. Les transferts électroniques incluent les paiements provenant d'une forme électronique, tels que les virements électroniques, prestataire de service de paiement (PSP) (Pay Pal), les cartes de débit, les cartes de crédit, les paiements en monnaie virtuelle, etc."
2.4,Q124,Prière d'indiquer le nombre total d'opérations (tant entrantes que sortantes) effectuées sous forme d'ordre de paiement électronique par/ à l'intention du client.,"L'achat, la vente et la location de biens immobiliers."
2.4,Q125,Veuillez indiquer la valeur totale des transferts électroniques effectués par des clients (entrants et sortants) au cours de la période de déclaration.,"L'achat, la vente et la location de biens immobiliers. Les transferts électroniques incluent les paiements provenant d'une forme électronique, tels que les virements électroniques, prestataire de service de paiement (PSP) (Pay Pal), les cartes de débit, les cartes de crédit, les paiements en monnaie virtuelle, etc."
2.5,Q126,Votre entité accepte-t-elle ou effectue-t-elle des opérations en espèces avec les clients ?,"Les paiements avec des clients sont d'opérations entre l'entité déclarante et ses clients pour des produits ou services proposés par l'entité."
2.5,Q127,Votre entité a-t-elle accepté ou effectué des opérations en espèces avec les clients au cours de la période de déclaration ?,
2.5,Q128,"Veuillez fournir le nombre total d'opérations en espèces avec les clients, au cours de la période de déclaration.","L'achat, la vente et la location de biens immobiliers."
2.5,Q129,"Veuillez indiquer la valeur totale des fonds transférés, par paiements en espèces, pendant la période de déclaration.","L'achat, la vente et la location de biens immobiliers."
2.5,Q130,"Veuillez indiquer la valeur totale des fonds transférés avec des clients, par paiements en espèces dans des devises autres que l'euro, pendant la période de déclaration.","L'achat, la vente et la location de biens immobiliers."
2.5,Q131,"Prière d'indiquer le nombre total d'opérations effectuées en espèces (tant entrantes que sortantes) pour un montant supérieur ou égal à 10 000 euros avec des clients, pendant la période de déclaration.","L'achat, la vente et la location de biens immobiliers."
2.5,Q132,Votre entité peut-elle distinguer les opérations en espèces supérieures à 100 000 euros dans votre comptabilité ?,"L'achat, la vente et la location de biens immobiliers."
2.5,Q133,"Nombre d'opérations physiques en espèces effectuées avec des personnes physiques pour un montant supérieur à 100 000 euros, pendant la période de déclaration.","L'achat, la vente et la location de biens immobiliers."
2.5,Q134,"Nombre d'opérations physiques en espèces effectuées avec des personnes morales monégasques pour un montant supérieur à 100 000 euros, pendant la période de déclaration.","L'achat, la vente et la location de biens immobiliers."
2.5,Q135,"Nombre d'opérations physiques en espèces effectuées avec des personnes morales étrangères pour un montant supérieur à 100 000 euros, pendant la période de déclaration.","L'achat, la vente et la location de biens immobiliers."
2.6,Q136,"D'après votre connaissance des contrats émis pour l'achat, la vente et la location, vos clients ont-ils accepté ou effectué des opérations en espèces au cours de la période de déclaration ?","Les paiements par les clients sont d'opérations initiées et effectuées par le client. Par exemple, un client paie son loyer en espèces."
2.6,Q137,"Veuillez fournir le nombre total d'opérations en espèces par des clients, au cours de la période de déclaration.","L'achat, la vente et la location de biens immobiliers."
2.6,Q138,"Veuillez indiquer la valeur totale des fonds transférés, par paiements en espèces, pendant la période de déclaration.","L'achat, la vente et la location de biens immobiliers."
2.6,Q139,"Veuillez indiquer la valeur totale des fonds transférés par des clients, par paiements en espèces dans des devises autres que l'euro, pendant la période de déclaration.","L'achat, la vente et la location de biens immobiliers."
2.6,Q140,"Prière d'indiquer le nombre total d'opérations effectuées en espèces (tant entrantes que sortantes) pour un montant supérieur ou égal à 10 000 euros par des clients, pendant la période de déclaration.","L'achat, la vente et la location de biens immobiliers."
2.6,Q141,Votre entité peut-elle distinguer les opérations en espèces supérieures à 100 000 euros dans votre comptabilité ?,"L'achat, la vente et la location de biens immobiliers."
2.6,Q142,"Nombre d'opérations physiques en espèces effectuées par des personnes physiques pour un montant supérieur à 100 000 euros, pendant la période de déclaration.","L'achat, la vente et la location de biens immobiliers."
2.6,Q143,"Nombre d'opérations physiques en espèces effectuées par des personnes morales monégasques pour un montant supérieur à 100 000 euros, pendant la période de déclaration.","L'achat, la vente et la location de biens immobiliers."
2.6,Q144,"Nombre d'opérations physiques en espèces effectuées par des personnes morales étrangères pour un montant supérieur à 100 000 euros, pendant la période de déclaration.","L'achat, la vente et la location de biens immobiliers."
2.7,Q145,Acceptez-vous ou effectuez-vous des opérations utilisant des crypto-monnaies avec des clients ?,"L'achat, la vente et la location de biens immobiliers."
2.7,Q146,"Prévoyez-vous d'accepter des paiements, ou de proposer des produits et services immobiliers, en utilisant des monnaies virtuelles au cours de l'année prochaine ?","Ceci devrait inclure non seulement les paiements reçus ou investis directement en rapport avec les actifs virtuels, mais également les paiements faisant intervenir des tiers (agents, intermédiaires, PSAV, etc.)."
2.7,Q147,Votre entité entretient-elle des relations d'affaires avec des plateformes ou des intermédiaires en matière d'actifs virtuels ?,
2.7,Q148,Prière de nommer les plateformes ou intermédiaires en matière d'actifs virtuels avec lesquels votre entité entretient des relations d'affaires.,
2.8,Q149,"Veuillez indiquer le nombre total de clients uniques, ventilé par nationalité primaire de l'individu, ou par le pays du siège ou de l'immatriculation, pour l'achat et la vente de biens immobiliers au cours de la période de déclaration.","L'achat et la vente de biens immobiliers."
2.8,Q150,Combien de clients uniques étaient des acheteurs ?,
2.8,Q151,Combien de clients uniques étaient des vendeurs ?,
2.8,Q152,"Veuillez indiquer le nombre total d'opérations effectuées par les clients, ventilé par nationalité primaire du client, ou par le pays du siège ou de l'immatriculation, pour l'achat et la vente de biens immobiliers au cours de la période de déclaration.","L'achat et la vente de biens immobiliers."
2.8,Q153,Pour combien d'achats/ventes avez-vous représenté l'acheteur ?,
2.8,Q154,Pour combien d'achats/ventes avez-vous représenté le vendeur ?,
2.8,Q155,"Veuillez indiquer le nombre total d'opérations effectuées par les clients, ventilé par nationalité primaire du client, ou par le pays du siège ou de l'immatriculation, pour l'achat et la vente de biens immobiliers au cours de la période de déclaration et des 4 années précédentes.","L'achat et la vente de biens immobiliers."
2.8,Q156,"Veuillez indiquer la valeur totale des fonds transférés par les clients pour l'achat et la vente de biens immobiliers (en euros) au cours de la période de déclaration, ventilée par nationalité primaire du client ou par le pays du siège ou de l'immatriculation.","L'achat et la vente de biens immobiliers."
2.8,Q157,"Veuillez indiquer la valeur totale des fonds transférés par les clients pour l'achat et la vente de biens immobiliers (en euros) au cours de la période de déclaration et des 4 années précédentes, ventilée par nationalité primaire du client ou par le pays du siège ou de l'immatriculation.","L'achat et la vente de biens immobiliers."
2.8,Q158,"Combien d'achats et de ventes de biens immobiliers ont-ils été effectués au cours de la période de déclaration à des fins d'investissement, à l'exclusion des biens utilisés comme résidence principale par l'acheteur ou par des personnes qui lui sont liées ?","L'achat et la vente de biens immobiliers. Un membre de la famille, tel qu'un enfant ou un parent, sera considéré comme personne liée à l'acheteur."
2.8,Q159,L'Etat de Monaco a t-il préempté des biens à la vente ?,
2.8,Q160,Combien de biens ont été acquis par l'Etat de Monaco via l'exercice de son droit de préemption ?,
2.8,Q161,Quelle était la valeur totale des biens préemptés ?,
2.9,Q162,Veuillez indiquer le nombre total de biens uniques loués au cours de la période de déclaration.,La location de biens.
2.9,Q163,Veuillez indiquer le nombre total d'opérations de location au cours de la période de déclaration.,La location de biens.
2.9,Q164,"Veuillez indiquer le nombre total de biens locatifs uniques, >= 10.000 € par mois, qui ont été loués à un moment donné au cours de la période de déclaration.",La location de biens.
2.9,Q165,"Veuillez indiquer le nombre total de biens locatifs uniques, < 10.000 € par mois, qui ont été loués à un moment donné au cours de la période de déclaration.",La location de biens.
2.10,Q166,Avez-vous des commentaires sur l'une des questions de cette section ?,
2.10,Q167,Prière de partager vos retours et vos commentaires au sujet de cette section.,
3.1,Q168,Votre entité a-t-elle recours à des tiers locaux pour appliquer certaines/ toutes les mesures de vigilance relatives à la clientèle ?,"Les institutions financières / entreprises et professions non financières désignées peuvent autoriser le recours à des tiers pour réaliser certains éléments des mesures de vigilance à l'égard de la clientèle afin d'apporter des affaires, à condition que les critères requis soient remplis."
3.1,Q169,"Prière d'indiquer le nombre total de clients où des tiers locaux ont été utilisés pour appliquer certaines/ toutes les mesures de vigilance au cours de la période de déclaration, et de les ventiler selon la nationalité principale du client.",
3.1,Q170,Votre entité a-t-elle recours à des tiers étrangers pour appliquer certaines/ toutes les mesures de vigilance relatives à la clientèle ?,"Les institutions financières / entreprises et professions non financières désignées peuvent autoriser le recours à des tiers pour réaliser certains éléments des mesures de vigilance à l'égard de la clientèle afin d'apporter des affaires, à condition que les critères requis soient remplis."
3.1,Q171,"Prière d'indiquer le nombre total de clients où des tiers étrangers ont été utilisés pour appliquer certaines/ toutes les mesures de vigilance au cours de la période de déclaration, et de les ventiler selon la nationalité principale du client.",
3.1,Q172,"Prière d'indiquer le nombre total de clients où des tiers étrangers ont été utilisés pour appliquer certaines/ toutes les mesures de vigilance au cours de la période de déclaration, et de les ventiler selon le lieu de résidence du tiers étranger.",
3.2,Q173,"Prière d'indiquer le nombre de clients uniques nouveaux, qui sont des personnes physiques, dont l'entrée en relation est intervenue au cours de la période de déclaration.",
3.2,Q174,"Prière d'indiquer le nombre de clients uniques nouveaux, qui sont des personnes morales, dont l'entrée en relation est intervenue au cours de la période de déclaration.",
3.2,Q175,"Prière d'indiquer le nombre de clients uniques nouveaux, qui sont des trusts et d'autres constructions juridiques, dont l'entrée en relation est intervenue au cours de la période de déclaration.",
3.2,Q176,"Votre entité entre-t-elle en relation avec des clients sans qu'il y ait de rencontre face à face, soit sur une base non présentielle ?",
3.2,Q177,"Prière d'indiquer le nombre de clients uniques nouveaux, qui sont des personnes physiques, dont l'entrée en relation s'est effectuée sans rencontre face à face aux fins du devoir de vigilance relatif à la clientèle.","L'entité déclarante devrait indiquer si les clients sont démarchés (aux fins du devoir de vigilance relatif à la clientèle) sans rencontre face à face (sur une base non présentielle)."
3.2,Q178,"Prière d'indiquer le nombre de clients uniques nouveaux, qui sont des personnes morales, dont l'entrée en relation s'est effectuée sans rencontre face à face aux fins du devoir de vigilance relatif à la clientèle.",
3.2,Q179,"Prière d'indiquer le nombre de clients uniques nouveaux, qui sont des trusts et d'autres constructions juridiques, dont l'entrée en relation s'est effectuée sans rencontre face à face aux fins du devoir de vigilance relatif à la clientèle.",
3.2,Q180,Votre entité accepte-t-elle des clients à travers des apporteurs d'affaires ?,"Un apporteur d'affaires est une institution financière/ une entreprise ou profession non financière désignée qui entretient un rapport direct avec un client, mais qui délègue l'exécution de l'opération à l'entité assujettie (un apporteur d'affaires est une entreprise qui ramène des clients à l'entité autorisée)."
3.2,Q181,L'entité peut-elle fournir des informations sur la nationalité des clients démarchés par l'apporteur d'affaire ?,
3.2,Q182,"Prière d'indiquer le nombre total de clients démarchés à travers des tiers, en les ventilant selon la nationalité principale du client (dans le cas d'une personne physique) ou selon le pays d'établissement (dans le cas d'une personne morale ou d'une construction juridique).",
3.2,Q183,"Prière d'indiquer le nombre total de clients démarchés à travers des tiers, au cours de la période de déclaration, en les ventilant selon la nationalité principale du client (dans le cas d'une personne physique) ou selon le pays d'établissement (dans le cas d'une personne morale ou d'une construction juridique).",
3.2,Q184,L'entité peut-elle fournir des informations sur la résidence des apporteurs d'affaire ?,
3.2,Q185,"Prière d'indiquer le nombre total d'entrées en relation à travers des tiers, en les ventilant selon le lieu de résidence du tiers.",
3.2,Q186,"Prière d'indiquer le nombre total d'entrées en relation à travers des tiers, au cours de la période de déclaration, en les ventilant selon le lieu de résidence du tiers.",
3.3,Q187,Quelle est la forme juridique de votre entité ?,"Les types de personnes morales incluent: • Associations monégasques • Autres sociétés civiles • Autres sociétés commerciales • Autres arrangements juridiques • Domaine Privé de l'Etat Monégasque • Entreprise individuelle • Fondation monégasque • Groupement d'intérêt économique GIE • Société en nom collectif SNC • Société civile immobilière SCI • Société civile particulière SCP • Société en commandite simple SCS • Société à responsabilité limitée SARL • Société anonyme monégasque SAM • Société en commandite par actions SCA • Trusts"
3.3,Q188,"Veuillez indiquer le nombre total d'employés de votre entité, ainsi que les partenaires et propriétaires non salariés, à la fin de la période de déclaration.","L'entité déclarante doit divulguer le nombre d'employés, d'associés et de propriétaires, quelle que soit leur fonction. Le nombre à la fin de la période de déclaration devrait être utilisé."
3.3,Q189,Le titulaire de la carte professionnelle exerçant des activités d'agent immobilier est-il une personne morale ?,
3.3,Q190,"Veuillez indiquer le nombre d'actionnaires détenant une participation de 25 % ou plus, ventilé par nationalité primaire (personne physique) ou par pays d'établissement (personnes morales et constructions juridiques).",
3.3,Q191,"Veuillez indiquer le nombre de bénéficiaires effectifs détenant, soit une participation de 25 % ou plus, soit contrôlant directement ou indirectement la société, soit étant un représentant légal, ventilé par nationalité primaire.",
3.3,Q192,"Votre entité dispose-t-elle des succursales, des filiales ou des agences ?","Pour les besoins de cette question, le terme « filiale » désigne une entité secondaire de la société mère. Prière de ne pas inclure les bureaux/ les points de service clientèle souvent connus de manière informelle sous la désignation de « filiales »."
3.3,Q193,"Prière d'indiquer le nombre total de succursales, filiales et agences de l'entité locale autorisée, en les ventilant par pays.",
3.3,Q194,Votre entité est-elle une succursale ou une filiale d'une autre entité ?,
3.3,Q195,Votre entité est-elle une succursale ou une filiale d'une entité étrangère ?,
3.3,Q196,"Si oui, dans quel pays opère la société mère ?",
3.3,Q197,Prière d'indiquer le nombre total de succursales et de filiales étrangères (à l'extérieur de Monaco).,
3.3,Q198,"Au cours de la période de déclaration, votre entité a-t-elle rencontré l'un des événements suivants : Un changement de dirigeant(s) légal(aux), de membres de la direction générale ou du conseil d'administration ou de surveillance, des associés/actionnaires (participation de 25 % ou plus), des bénéficiaires effectifs, de toute autre personne exerçant un contrôle direct ou indirect sur votre entité ou la conduite de son activité ? A subi une évolution ou une modification significative de ses activités ? D'autres changements statutaires ? Changement de responsables LBC/FT-P ?","Un changement de dirigeant(s) légal(aux), de membres de la direction générale ou du conseil d'administration ou de surveillance, des associés/actionnaires (participation de 25 % ou plus), des bénéficiaires effectifs, de toute autre personne exerçant un contrôle direct ou indirect sur votre entité ou la conduite de son activité ? A subi une évolution ou une modification significative de ses activités ? D'autres changements statutaires ? Changement de responsables LBC/FT-P ?"
3.3,Q199,Veuillez renseigner l'évolution ou la modification.,
3.3,Q200,Votre entité fait-elle partie d'un réseau ou d'un groupe international d'entreprises ?,
3.3,Q201,"Si oui, veuillez préciser lequel.",
3.3,Q202,Votre entité est-elle membre d'une association ou d'une société professionnelle ?,
3.3,Q203,"Si oui, veuillez préciser lequel.",
3.4,Q204,Chiffre d'affaires pour la période de déclaration.,
3.4,Q205,Chiffre d'affaires pour la période de déclaration réalisé dans la Principauté de Monaco.,
3.4,Q206,Chiffre d'affaires pour la période de déclaration réalisé en dehors de la Principauté de Monaco.,
3.4,Q207,Veuillez indiquer le montant de votre dernière déclaration annuelle de TVA.,"Total de douze mensualités. En cas de TVA négative, apporter des précisions dans la prochaine case commentaire."
3.5,Q208,Prière d'indiquer le nombre total de prospects (clients potentiels) qui ont été rejetés en raison de considérations de blanchiment de capitaux de financement du terrorisme ou contre le financement de la prolifération des armes de destruction massive au cours de la période de déclaration.,
3.5,Q209,"Votre entité peut-elle distinguer si un prospect (client potentiel) a été rejeté en raison d'un attribut / activité / déficience du client ou principalement en raison de la pratique discrétionnaire de LBC/FT-P de l'entité ?",
3.5,Q210,"Prière d'indiquer le nombre total de prospects (clients potentiels) qui ont été rejetés en raison de considérations de blanchiment de capitaux, de financement du terrorisme, ou contre le financement de la prolifération des armes de destruction massive au cours de la période de déclaration pour des raisons liées aux attributs, activités ou déficiences du client.",
3.6,Q211,"Prière d'indiquer le nombre total de relations clients résiliées en raison de considérations liées au blanchiment de capitaux, au financement du terrorisme, ou contre le financement de la prolifération des armes de destruction massive au cours de la période de déclaration.",
3.6,Q212,Votre entité peut-elle distinguer si une relation d'affaires a été résiliée en raison d'un attribut / activité / déficience du client ou principalement en raison de la pratique discrétionnaire de LBC/FT-P de l'entité ?,
3.6,Q213,"Prière d'indiquer le nombre total de relations d'affaires avec des clients qui ont été résiliées en raison de considérations de blanchiment de capitaux, de financement du terrorisme, ou contre le financement de la prolifération des armes de destruction massive au cours de la période de déclaration, du fait des attributs / activités / déficiences du client.",
3.7,Q214,Avez-vous des commentaires sur l'une des questions de cette section ?,
3.7,Q215,Prière de partager vos retours et vos commentaires au sujet de cette section.,
1.1,C1,"Veuillez indiquer le nombre total d'employés de votre entité, ainsi que les partenaires et propriétaires non salariés, à la fin de la période de déclaration.","Réutiliser la réponse de la Q188. L'entité déclarante doit divulguer le nombre d'employés, d'associés et de propriétaires, quelle que soit leur fonction."
1.1,C2,"Veuillez fournir le nombre total d'employés équivalents temps plein, plus les partenaires et propriétaires non salariés, dans votre entité, à la fin de la période de déclaration.","L'entité déclarante doit divulguer le nombre d'employés équivalents temps plein et d'associés et propriétaires non salariés, quelle que soit leur fonction. Fournissez l'estimation sous forme décimale du temps ETP. Par exemple, s'il y a un employé à temps plein et deux employés en ¼ temps, le total serait de 1,5 ETP. 1 employé à temps plein = 1 ETP. 1 employé à mi-temps = 0,5 ETP. 1 employé en ¼ temps = 0,25 ETP."
1.1,C3,Approximativement combien d'heures les employés ont-ils consacré à la conformité LCB/FT-P-C par mois ?,
1.1,C4,Votre entité dispose-t-elle d'un conseil d'administration et/ou d'une haute direction ?,"Cette question permet de déterminer si l'entité est d'une taille suffisante pour avoir une gouvernance ou des fonctions de responsabilité séparées. Exemples de conseil d'administration ou de direction générale : une entité ayant : • Des dirigeants (PDG, directeur financier, directeur technique…) • Une répartition du pouvoir de décision, tel que celui accordé par un directeur ou lorsqu'il existe plusieurs niveaux de gestion • Des politiques ou des procédures qui nécessitent l'approbation d'un rôle ou d'une personne spécifique • Une exigence légale pour un conseil d'administration ou un rôle spécifique nécessaire pour assurer la conformité Exemples d'entité qui n'a pas de conseil d'administration ou de direction générale : • Un propriétaire unique • Une société de personnes • Une petite entreprise avec un seul niveau de gestion"
1.1,C5,Votre entité dispose-t-elle d'un service de conformité ?,
1.1,C6,Votre entité fait-elle partie d'un groupe ?,
1.2,C7,Votre entité a-t-elle préparé un ensemble de politiques et procédures de LBC/FT documenté ?,"L'entité déclarante devrait indiquer si elle a mis en place des politiques et des procédures écrites qui décrivent comment elle met en œuvre les exigences légales en matière de LBC/FT."
1.2,C8,Ces politiques et procédures ont-elles été approuvées par le conseil d'administration et/ou la haute direction de votre entité ?,"L'entité déclarante devrait indiquer si ses politiques et procédures écrites de LBC/FT ont été officiellement approuvées par la haute direction (qu'il s'agisse du conseil de direction ou de toute autre personne exerçant un contrôle sur l'entité et/ou ayant un pouvoir de décision)."
1.2,C9,Votre entité a-t-elle diffusé ces politiques et procédures à tous ses employés ?,"S'il n'y a qu'un seul employé, veuillez répondre « Oui »."
1.2,C10,Votre entité a-t-elle veillé à faire connaître ces politiques et procédures à tous ses employés ?,"S'il n'y a qu'un seul employé, veuillez répondre « Oui »."
1.2,C11,Votre entité a-t-elle mis à jour ses politiques et procédures écrites de LBC/FT au cours de l'année écoulée ?,
1.2,C12,Prière d'indiquer la date de la dernière mise à jour des politiques et procédures écrites de LBC/FT de votre entité.,"L'entité déclarante devrait indiquer si elle a une pratique systématique de suivi et de gestion des modifications apportées aux politiques et procédures de LBC/FT, telles que le contrôle de versions, ou un journal/une liste permettant de revoir la fréquence des mises à jour et des processus révision."
1.2,C13,Votre entité a-t-elle une pratique systématique de suivi et de gestion des modifications apportées aux politiques et procédures de LBC/FT?,
1.2,C14,Votre entité dispose-t-elle d'un programme de LBC/FT-P à l'échelle du groupe ?,
1.2,C15,Votre entité a-t-elle effectué une analyse pour déterminer si le programme LBC/FT-P du groupe est conforme à la législation et au cadre réglementaire de Monaco pour chaque succursale/filiale ?,
1.2,C16,Qui a préparé les politiques et procédures de votre entité ?,"L'entité déclarante devrait indiquer si ses politiques et procédures ont été préparées par l'entité elle-même ou par des conseillers externes. Prière de sélectionner l'option qui correspond le mieux à la question : par eux-mêmes, par des consultants externes, par un autre membre du groupe membre."
1.2,C17,Votre entité a-t-elle procédé à une auto-évaluation de l'adéquation des procédures de LBC/FT ?,
1.3,C18,Le conseil d'administration et/ou la haute direction de votre entité démontrent-ils une responsabilité globale en matière de LBC/FT ?,"Les mesures prises par le conseil d'administration et/ou la haute direction qui pourraient démontrer leur engagement dans les questions de LBC/FT pourraient inclure : (1) la haute direction inclut les questions de LBC/FT dans l'ordre du jour quotidien/hebdomadaire/mensuel/trimestriel/annuel ; (2) la haute direction reçoit des rapports réguliers sur les risques, les tendances et les vulnérabilités en matière de BC/FT et prend des décisions immédiates pour gérer et atténuer les risques ; (3) la haute direction demande des rapports ad hoc sur les questions de LBC/FT chaque fois que des problèmes surviennent, et ordonne un audit interne ou externe pour tester les contrôles LBC/FT ; (4) sur la base des résultats de l'évaluation interne des risques de BC/FT à l'échelle de l'entreprise, la haute direction prend des décisions pour atténuer les risques plus élevés en augmentant les ressources humaines (en embauchant plus d'employés pour la LBC/FT), en achetant un logiciel de surveillance de LBC/FT ou un logiciel de filtrage des sanctions, etc. ; (5) la haute direction approuve officiellement les politiques, les procédures et les amendements écrits qui leur sont relatifs chaque fois que des changements sont introduits à la législation LBC/FT ; (6) la haute direction demande des rapports réguliers sur la mise en œuvre des mesures d'atténuation des risques sur la base de l'évaluation des risques de BC/FT, des conclusions de l'audit interne, etc."
1.3,C19,Le conseil d'administration et/ou la haute direction de votre entité reçoivent-ils régulièrement des rapports de LBC/FT ?,"L'entité déclarante devrait indiquer si le conseil d'administration et/ou la haute direction reçoivent des rapports réguliers sur les risques et les vulnérabilités en matière de BC/FT, les tendances ainsi que la conformité globale en matière de LBC/FT. La haute direction de l'entité déclarante, responsable de la gestion et du contrôle des risques globaux, devrait également superviser les risques et les tendances en matière de BC/FT."
1.3,C20,Le conseil d'administration et/ou la haute direction de votre entité s'assurent-ils que les lacunes en matière de LBC/FT sont corrigées ?,"L'entité déclarante devrait indiquer si la haute direction de l'entité déclarante, responsable de la gestion et du contrôle globaux des risques, prend des mesures dans le but de remédier aux lacunes dans les domaines de conformité LBC/FT et d'atténuer les risques de BC/FT. La nécessité d'agir peut être déterminée sur la base des résultats de l'évaluation des risques de l'entreprise en matière de BC/FT, des rapports périodiques de LBC/FT, des rapports d'examen fait sur place par les autorités de contrôle, etc. Des exemples de telles actions peuvent inclure : (a) l'approbation des ressources budgétaires afin d'embaucher plus d'employés en conformité LBC/FT, l'investissement dans les connaissances et l'expertise des employés par le biais de formations, de séminaires, de certifications, (b) l'achat des ressources informatiques (ressources techniques) nécessaires, telles que les systèmes de surveillance, les solutions de filtrage automatisé, (c) l'octroi de la priorité au domaine de la LBC/FT en matière d'audit interne, etc."
1.3,C21,La haute direction de votre entité valide-t-elle (donne-t-elle son approbation pour) l'acceptation des clients à haut risque ?,"En cas de vigilance renforcée, la haute direction peut être tenue d'approuver les relations d'affaires avec les clients à haut risque (tels que les PPE, par exemple) avant d'entrer dans la relation d'affaires et/ou de poursuivre la relation d'affaires. L'entité déclarante devrait indiquer si la haute direction assume ces responsabilités."
1.4,C22,Votre entité a-t-elle fait face à des violations liées à la LBC/FT au cours des 5 dernières années ?,"L'entité déclarante devrait indiquer si elle a eu des manquements en matière de conformité, liés à la LBC/FT, y compris des lacunes mineures, au cours des 5 dernières années."
1.4,C23,Prière d'indiquer le nombre total de violations liées à la LBC/FT au cours des 5 dernières années.,"Tout manquement à la conformité lié à la LBC/FT, y compris les lacunes mineures, devrait être recensé dans le cadre de cette question."
1.4,C24,Prière d'indiquer le nombre et le type de violations en matière de LBC/FT.,
1.5,C25,Votre entité a-t-elle dispensé une formation en LBC/FT à ses directeurs/sa direction au cours de la période de déclaration ?,
1.5,C26,Votre entité a-t-elle organisé une formation en LBC/FT pour ses employés du office au cours de la période de déclaration ?,
1.5,C27,Prière d'indiquer le nombre total d'employés formés sur les questions de LBC/FT au cours du cycle de déclaration.,"Les employés, y compris les directeurs/la direction."
1.6,C28,"Lorsque l'opération du client est effectuée par un individu, votre entité consigne-t-elle les renseignements de sa carte d'identité ?",
1.6,C29,"Lorsque l'opération du client est effectuée par un individu, votre entité consigne-t-elle les renseignements de son passeport ?",
1.6,C30,"Lorsque l'opération du client est effectuée par un individu, votre entité consigne-t-elle les renseignements de sa carte de séjour ?",
1.6,C31,"Lorsque l'opération du client est effectuée par un individu, votre entité consigne-t-elle les renseignements de son justificatif de domicile ?",
1.6,C32,"Lorsque l'opération du client est effectuée par un individu, votre entité consigne-t-elle d'autres renseignements liés à l'individu ?",
1.6,C33,Prière de préciser quelles autres informations sont incluses dans votre base de données clients.,
1.6,C34,"Est-ce que tous les éléments suivants sont conservé dans le dossier du client : • Prénom • Nom • date de naissance • lieu de naissance • nationalité • pays de résidence • niveau de risque • activité du client • patrimoine","Si l'un de ces éléments n'est pas conservé dans votre dossier, répondez « Non »."
1.6,C35,Prière de préciser quels éléments ne sont pas recueillis ?,"Si tous sont conservés, répondez « NA »."
1.6,C36,"Lorsque l'opération du client est effectuée par une personne morale / construction juridique, votre entité enregistre-t-elle l'extrait du registre du commerce du client ?",
1.6,C37,"Lorsque l'opération avec le client est effectuée par une personne morale ou une construction juridique, votre entité enregistre-t-elle les statuts du client ?",
1.6,C38,"Lorsque l'opération du client est effectuée par une personne morale ou une construction juridique, votre entité enregistre-t-elle le procès-verbal d'assemblée ?",
1.6,C39,"Lorsque l'opération est effectuée par une personne morale ou une construction juridique, votre entité enregistre-t-elle les documents d'identité de tous les bénéficiaires effectifs (détenant au moins 25 % de l'entité) ?",
1.6,C40,"Lorsque l'opération avec le client est effectuée par une personne morale ou une construction juridique, votre entité enregistre-t-elle d'autres données ?",
1.6,C41,Veuillez préciser les autres données des personnes morales/constructions juridiques enregistrées.,
1.6,C42,Les données concernant les anciennes relations clients sont-elles accessibles sur demande par l'AMSF ?,
1.6,C43,Tous ces documents sont-ils conservés systématiquement ?,"Cette question vise à savoir si le titulaire de la carte professionnelle dispose d'un système organisé pour conserver les dossiers, et si les dossiers sont stockés de manière centralisée (et non pas distribués à grande échelle), de sorte que les dossiers puissent être facilement récupérés et fournis sur demande."
1.6,C44,Votre entité conserve-t-elle des documents récapitulatifs de tous les renseignements ci-dessus ?,
1.6,C45,Ces informations sont-elles dans une base de données ?,
1.6,C46,Votre entité utilise-t-elle des outils pour établir la connaissance du client (CDD) ?,
1.6,C47,Quels outils ?,
1.6,C48,Les résultats de l'outil CDD (connaissance du client) sont-ils systématiquement stockés ?,
1.6,C49,Votre entité applique-t-elle une approche fondée sur le risque pour les mesures de vigilance relatives à la clientèle ?,
1.6,C50,Votre entité a-t-elle des politiques et des procédures qui précisent la différence dans la documentation et les exigences pour différents niveaux de CDD ?,"L'entité déclarante devrait indiquer si elle a mis en place des politiques et des procédures écrites qui précisent la différence dans la documentation et les exigences en matière de vigilance simplifiée, standard et renforcée."
1.6,C51,"Veuillez indiquer le nombre total de clients uniques qui ont été actifs à un moment donné pendant la période de déclaration, pour l'achat, la vente et la location de biens immobiliers.",Prière de réutiliser la réponse fournie à la Q4.
1.6,C52,Votre entité a-t-elle mis en œuvre des mesures de vigilance simplifiée pour des clients au cours de la période de déclaration ?,"Attention, les Simplified Due Diligences (SDD) ou obligations simplifiées de vigilance, constituent un cadre spécifique défini aux articles 11 et suivants de la loi 1.362."
1.6,C53,Prière d'indiquer le nombre total de clients uniques qui font l'objet de mesures de vigilance simplifiées.,
1.6,C54,Votre entité identifie-t-elle et vérifie-t-elle ses clients à l'aide d'informations fiables et indépendantes dans tous les cas de CDD ?,
1.6,C55,Les politiques CDD de votre entité incluent-elles des procédures d'acceptation du client et des procédures d'identification et de vérification de l'identité du client et du bénéficiaire effectif ?,
1.6,C56,Votre entité fait-elle appel à des tiers pour les procédures de mesures de vigilance à l'égard de la clientèle ?,
1.6,C57,Votre entité a-t-elle rencontré des difficultés pour recevoir des informations CDD de tiers en cas de besoin ?,
1.6,C58,"Veuillez indiquer la raison principale des difficultés (par exemple, raison juridique, raison commerciale, indisponibilité des informations, autre) et le type de tiers (par exemple, institution financière, EPNFD).",
1.6,C59,Votre entité applique-t-elle une identification et une vérification renforcées de tous les clients à haut risque avant leur prise en charge ?,
1.6,C60,Votre entité examine-t-elle la source du patrimoine avant l'entrée en relation ?,
1.6,C61,À quelle fréquence les clients d'achats et de ventes de biens immobiliers et classés comme présentant un risque élevé de blanchiment d'argent ou de financement du terrorisme font-ils l'objet de mesures de vigilance ?,
1.6,C62,À quelle fréquence les clients de location et classés comme présentant un risque élevé de blanchiment d'argent ou de financement du terrorisme font-ils l'objet de mesures de vigilance ?,
1.6,C63,Votre entité prend-elle d'autres mesures pour les clients à haut risque avant leur prise en charge ?,
1.6,C64,Prière de préciser les autres mesures prises pour les clients à haut risque avant leur prise en charge.,
1.6,C65,"Vos clients effectuent-ils des opérations d'achat, de vente ou de location de biens immobiliers avec les cryptomonnaies ?",
1.6,C66,Comment l'entité vérifie-t-elle les bénéficiaires effectifs des avoirs virtuels ?,
1.7,C67,Prière d'indiquer le nombre total de clients uniques pour lesquels une vigilance renforcée a été appliquée lors de leur intégration.,
1.7,C68,Prière d'indiquer le nombre total de clients uniques pour lesquels une vigilance renforcée a été appliquée dans le cadre des relations d'affaires.,Au cours de la période de déclaration.
1.7,C69,Prière d'indiquer le pourcentage de clients uniques qui ont fait l'objet d'une vigilance renforcée.,C'est-à-dire le nombre de clients soumis à des mesures de vigilance renforcées ÷ le nombre total de clients.
1.8,C70,Votre entité applique-t-elle à ses clients des notations de risque en matière de LBC/FT ?,
1.8,C71,Combien de niveaux de risque LBC/FT votre entité a-t-elle pour ses clients ?,
1.8,C72,Prière d'indiquer le nombre de clients uniques classés comme présentant un risque élevé de LBC/FT.,
1.8,C73,"Les considérations relatives à l'affectation de haut risque de votre entité incluent-elles TOUTES les informations suivantes : • pays de résidence • activité • statut PPE • type de client • produits et services • types d'opérations • canaux de distribution • comptes à intitulé conventionnel • avoirs sous gestion • volume d'opérations • nature des opérations • un élément déclencheur",
1.8,C74,Prière de préciser quels éléments ne sont pas pris en compte ?,"Si tous sont pris en compte, prière de répondre par « NA »."
1.8,C75,Votre entité utilise-t-elle une liste de pays sensibles pour l'évaluation des risques de LBC/FT ?,(évaluations des clients)
1.8,C76,Votre entité utilise-t-elle une liste d'activités sensibles pour l'évaluation des risques de LBC/FT ?,(évaluations des clients)
1.8,C77,Quelles activités client votre entité associe-t-elle aux clients à haut risque ?,(Veuillez vous référer aux types de client de la section 1.11)
1.8,C78,Votre entité examine-t-elle séparément les risques de BC et de FT ?,
1.9,C79,Quand a eu lieu le dernier audit effectué par le SICCFIN/AMSF pour votre entité ?,
1.10,C80,Votre entité conserve-t-elle les informations relatives aux opérations pendant au moins 5 ans ?,
1.10,C81,Votre entité conserve-t-elle toutes les correspondances relatives aux CDD et les correspondances commerciales pendant au moins 5 ans après la fin d'une relation client ?,
1.10,C82,Votre entité conserve-t-elle ces informations et documents dans un endroit sûr et sécurisé ?,
1.10,C83,Ces informations et documents sont-ils rapidement mis à la disposition des autorités compétentes sur demande ?,"Lorsqu'elle fournit sa réponse, l'entité déclarante devrait tenir compte des facteurs suivants : (1) Les données ci-dessus sont-elles recueillies sous forme électronique et sont facilement récupérables à partir des systèmes informatiques ? (2) Le système informatique a-t-il la fonctionnalité de filtrer et de trier les informations afin qu'ils puissent être récupérés rapidement ? (3) Y a-t-il un effort manuel requis pour trouver les données des clients, par exemple, si les fichiers sont stockés uniquement en version papier, ou, lorsqu'ils sont stockés sous forme électronique, les systèmes informatiques ne sont pas configurés pour permettre un accès facile aux données requises."
1.10,C84,Votre entité dispose-t-elle de sauvegardes des informations relatives aux CDD et aux correspondances commerciales avec un plan de récupération des données ?,
1.11,C85,Les politiques et procédures de l'entité couvrent-elles de manière adéquate le filtrage et les alertes des sanctions financières ciblées pour le financement du terrorisme et de la prolifération ?,"L'entité déclarante devrait indiquer si ses politiques et procédures couvrent de manière adéquate les éléments de filtrage et d'alerte des sanctions financières ciblées. Les politiques et procédures doivent couvrir les exigences ciblées liées aux sanctions financières concernant au moins les éléments suivants : (a) clients, bénéficiaires effectifs, parties à une opération, tiers concernés (intermédiaires, agents) ou autres personnes liées ; (b) fréquence et portée du filtrage ; (c) traitement des alertes, des faux positifs (y compris comment les alertes doivent être résolues lorsque les informations sont indisponibles, incomplètes ou potentiellement non fiables)."
1.11,C86,Votre entité consulte-t-elle la Liste Nationale des gel d'Avoirs lors de l'intégration de nouveaux clients ou lors de la mise à jour de la liste ?,
1.11,C87,Votre entité a-t-elle identifié une personne/des opérations liées au financement du terrorisme ou à la prolifération des armes de destruction massive au cours de la période de référence ?,
1.11,C88,Prière d'indiquer le nombre total de déclarations faites à la Direction du Budget et du Trésor (DBT) concernant le financement du terrorisme.,
1.11,C89,Prière d'indiquer le nombre total de déclarations faites à la DBT concernant le financement de la prolifération des armes de destruction massive.,
1.12,C90,Votre entité prend-elle des mesures pour déterminer si les clients et les bénéficiaires effectifs sont des personnes politiquement exposées (PPE) ?,
1.12,C91,Quelles mesures votre entité applique-t-elle pour déterminer si les clients et les bénéficiaires effectifs sont des PPE ?,
1.12,C92,Quelles procédures supplémentaires de LBC/FT sont appliquées pour les PPE (par rapport à un client à risque standard) ?,"L'entité déclarante devrait fournir une liste des mesures supplémentaires spécifiques et renforcées qui sont prises pour les PPE par rapport aux clients à risque standard. Par exemple : (a) avant d'établir une relation d'affaires, (b) au cours d'une relation d'affaires. Si les mesures susmentionnées diffèrent pour les PPE locales et étrangères, prière d'indiquer quelle mesure s'applique à une PPE locale et laquelle s'applique à une PPE étrangère."
1.12,C93,Un filtrage des PPE est-il effectué dans le cadre du processus de CDD pour les nouveaux clients ?,
1.12,C94,Le filtrage des PPE a-t-il lieu de façon continue ?,
1.12,C95,Les PPE font-elles l'objet d'une surveillance accrue ?,
1.12,C96,Votre entité considère-t-elle toutes les relations PPE comme à haut risque de LBC/FT ?,
1.13,C97,Votre entité effectue-t-elle des opérations en espèces avec des clients ?,Qu'il s'agisse de paiements entrants ou sortants.
1.13,C98,Votre entité applique-t-elle des contrôles et des procédures spécifiques de LBC/FT pour les opérations en espèces ?,
1.13,C99,Prière de décrire les contrôles et procédures spécifiques aux opérations en espèces que votre entité applique.,
1.14,C100,Votre entité a-t-elle déposé des DOS/DAS auprès de la CRF au cours de la période de déclaration ?,(Pas nécessairement déposées à la CRF)
1.14,C101,Prière d'indiquer le nombre total de DOS/DAS liées au financement du terrorisme que votre entité a déclaré à la CRF au cours de la période de déclaration.,"L'entité déclarante devrait indiquer le nombre d'opérations suspectes, liées au financement du terrorisme, qu'elle a déclaré à la CRF de Monaco (https://amsf.mc)."
1.14,C102,Prière d'indiquer le nombre total de DOS/DAS liées au blanchiment de capitaux que votre entité a déclaré à la CRF au cours de la période de déclaration.,"L'entité déclarante devrait indiquer le nombre d'opérations suspectes, liées au blanchiment de capitaux, qu'elle a déclaré à la CRF de Monaco (https://amsf.mc)."
1.14,C103,"Votre entité a-t-elle pris des mesures pour renforcer les contrôles internes en matière de LBC/FT, amender les politiques et procédures ou entreprendre d'autres procédures pour améliorer la déclaration des opérations suspectes au cours de la période de déclaration ?",
1.15,C104,Avez-vous des commentaires sur l'une des questions de cette section ?,
1.15,C105,Prière de partager vos retours et vos commentaires au sujet de cette section.,
Attestation,S1,"La ou les personnes dont le nom et le titre sont ajoutés ici attestent qu'elles ont fourni des réponses exactes aux questions, au mieux de leurs capacités.",
Attestation,S2,"Le nom et le titre de la personne ajoutée ici attestent qu'elle est dûment autorisée à représenter l'entité déclarante et qu'elle s'est assurée que les données soumises ont été correctement examinées et constituent une représentation exacte, au mieux de ses capacités.",
Attestation,S3,Avez-vous besoin de rendre ce questionnaire sous forme incomplète ?,"Si ce n'est pas le cas, prière d'écrire « Complet ». Si c'est le cas, prière d'indiquer la raison de la soumission d'un questionnaire incomplet. Une soumission incomplète peut entraîner une attention supplémentaire ou d'autres actions."